id,nivelRuido,comuna
1577,68,comuna 6
3671,45,comuna 1
2395,27,comuna 6
2483,58,comuna 2
57,42,comuna 7
4185,41,comuna 10
1474,76,comuna 7
2490,64,comuna 7
620,56,comuna 13
2009,88,comuna 15
70,52,comuna 14
1824,71,comuna 7
4190,64,comuna 15
998,30,comuna 8
1523,90,comuna 13
1709,70,comuna 8
1999,44,comuna 6
3378,53,comuna 13
3755,21,comuna 7
2492,43,comuna 5
387,28,comuna 14
1279,39,comuna 12
4246,88,comuna 12
452,71,comuna 8
472,16,comuna 8
4720,30,comuna 15
4334,80,comuna 2
4658,39,comuna 10
2964,63,comuna 7
3100,73,comuna 11
2392,72,comuna 8
3119,20,comuna 15
608,26,comuna 9
1410,62,comuna 14
861,67,comuna 10
790,27,comuna 9
812,56,comuna 12
4532,81,comuna 11
133,60,comuna 1
3058,68,comuna 2
4743,43,comuna 6
546,31,comuna 11
1107,57,comuna 14
3764,64,comuna 11
873,89,comuna 8
2535,15,comuna 9
2999,50,comuna 9
550,42,comuna 3
1571,64,comuna 10
3780,19,comuna 16
4072,10,comuna 14
4586,31,comuna 5
947,68,comuna 7
3251,47,comuna 12
1663,32,comuna 15
582,73,comuna 13
1016,68,comuna 12
690,66,comuna 7
37,67,comuna 15
596,46,comuna 16
3365,29,comuna 15
2253,25,comuna 5
2132,66,comuna 13
2855,70,comuna 7
2641,50,comuna 16
4718,87,comuna 15
415,27,comuna 14
1116,20,comuna 7
350,80,comuna 10
2936,85,comuna 13
2148,26,comuna 11
4710,86,comuna 2
1796,27,comuna 11
3972,38,comuna 14
3494,50,comuna 1
4479,77,comuna 7
3577,78,comuna 9
2800,83,comuna 7
2778,87,comuna 4
4161,90,comuna 13
2307,56,comuna 8
695,73,comuna 1
3093,81,comuna 2
1529,88,comuna 7
4814,10,comuna 11
2621,35,comuna 6
653,79,comuna 14
1275,84,comuna 8
2869,76,comuna 3
836,22,comuna 8
1906,56,comuna 12
3309,29,comuna 8
1814,83,comuna 13
3089,51,comuna 16
4492,35,comuna 3
4682,51,comuna 1
3657,46,comuna 14
2262,46,comuna 8
3153,40,comuna 5
977,81,comuna 5
807,16,comuna 3
2304,65,comuna 16
546,65,comuna 8
2843,87,comuna 6
4160,26,comuna 14
4115,87,comuna 6
842,57,comuna 5
68,90,comuna 14
3572,14,comuna 5
585,35,comuna 3
4686,47,comuna 13
723,55,comuna 5
2455,73,comuna 14
864,51,comuna 9
76,67,comuna 2
986,34,comuna 2
3296,86,comuna 6
1537,84,comuna 2
1515,70,comuna 11
269,52,comuna 12
4513,89,comuna 15
4149,15,comuna 8
16,53,comuna 3
46,83,comuna 8
1348,72,comuna 9
4686,36,comuna 10
571,52,comuna 11
4130,84,comuna 3
2321,65,comuna 13
2560,62,comuna 6
211,50,comuna 9
1360,57,comuna 15
4413,25,comuna 14
675,74,comuna 10
356,29,comuna 9
3073,50,comuna 7
4676,25,comuna 12
3614,46,comuna 12
1881,51,comuna 16
2347,34,comuna 2
1267,11,comuna 9
4859,66,comuna 11
2059,20,comuna 5
546,83,comuna 6
289,63,comuna 4
4226,22,comuna 14
4740,31,comuna 2
547,88,comuna 1
2241,71,comuna 6
1720,40,comuna 12
4029,51,comuna 4
1347,21,comuna 5
101,37,comuna 13
4972,81,comuna 2
3341,84,comuna 16
4301,56,comuna 9
2034,82,comuna 13
4312,39,comuna 5
3777,61,comuna 13
3344,90,comuna 2
3090,75,comuna 12
1618,61,comuna 7
3007,55,comuna 10
825,49,comuna 5
758,23,comuna 2
1573,19,comuna 11
328,86,comuna 5
53,49,comuna 10
3838,78,comuna 14
3625,87,comuna 3
744,62,comuna 3
1527,13,comuna 5
4023,63,comuna 3
3255,75,comuna 16
2204,34,comuna 9
1289,28,comuna 12
166,57,comuna 6
1572,88,comuna 7
315,61,comuna 5
3023,34,comuna 5
4902,49,comuna 2
21,39,comuna 15
1005,33,comuna 16
1545,47,comuna 10
824,80,comuna 16
3769,65,comuna 5
2301,22,comuna 13
1440,62,comuna 5
3758,11,comuna 3
4295,46,comuna 2
2913,61,comuna 12
3607,52,comuna 13
290,22,comuna 11
2713,33,comuna 4
2050,89,comuna 16
1137,81,comuna 13
4000,70,comuna 2
3247,52,comuna 7
3839,20,comuna 9
2517,22,comuna 5
2507,27,comuna 4
2862,64,comuna 15
2138,33,comuna 11
794,83,comuna 7
19,78,comuna 3
3379,16,comuna 13
1383,89,comuna 5
130,64,comuna 14
740,22,comuna 4
3748,15,comuna 7
861,22,comuna 13
3425,41,comuna 12
1190,11,comuna 13
3433,15,comuna 13
642,12,comuna 13
420,49,comuna 15
1177,37,comuna 5
4020,64,comuna 9
3735,86,comuna 2
1626,25,comuna 16
4451,28,comuna 4
2923,35,comuna 1
4888,35,comuna 1
2036,45,comuna 3
2592,73,comuna 3
4607,55,comuna 15
3356,72,comuna 12
1128,64,comuna 13
1681,34,comuna 15
2527,15,comuna 7
2007,77,comuna 10
2970,44,comuna 7
4556,36,comuna 15
1289,18,comuna 7
3740,40,comuna 16
4601,51,comuna 12
3078,42,comuna 3
1966,54,comuna 7
3682,14,comuna 7
1401,28,comuna 4
4930,70,comuna 8
4391,41,comuna 3
318,62,comuna 8
2625,50,comuna 8
2500,70,comuna 9
2231,24,comuna 14
457,72,comuna 11
3460,20,comuna 2
1757,32,comuna 1
2013,76,comuna 10
240,87,comuna 11
2667,57,comuna 7
4716,43,comuna 7
470,52,comuna 12
3830,58,comuna 6
1482,30,comuna 7
823,29,comuna 1
3351,31,comuna 1
2049,54,comuna 12
1150,39,comuna 8
2567,37,comuna 15
1570,20,comuna 9
4033,15,comuna 5
4574,87,comuna 3
3090,62,comuna 11
1941,57,comuna 13
4844,43,comuna 9
1444,23,comuna 10
2653,64,comuna 11
3236,10,comuna 1
4697,26,comuna 12
1727,26,comuna 5
2903,12,comuna 11
810,10,comuna 5
3750,83,comuna 10
3197,46,comuna 9
3812,59,comuna 14
1598,15,comuna 14
2394,35,comuna 9
637,19,comuna 8
3614,58,comuna 11
2983,66,comuna 14
2664,75,comuna 15
3575,19,comuna 15
2614,65,comuna 13
989,51,comuna 4
3938,22,comuna 5
2784,77,comuna 4
4945,22,comuna 7
75,71,comuna 4
2160,59,comuna 11
4220,49,comuna 10
971,78,comuna 5
4448,33,comuna 16
2913,38,comuna 4
1098,78,comuna 12
873,12,comuna 11
2492,64,comuna 12
1476,46,comuna 9
2111,83,comuna 14
802,81,comuna 6
775,48,comuna 16
2176,45,comuna 3
1141,84,comuna 15
182,81,comuna 2
4635,23,comuna 10
964,18,comuna 4
1382,18,comuna 13
557,90,comuna 8
3326,75,comuna 10
4727,66,comuna 13
3314,41,comuna 5
3126,44,comuna 11
3574,16,comuna 5
169,27,comuna 13
4497,19,comuna 1
55,11,comuna 12
2956,72,comuna 15
1605,22,comuna 1
2146,53,comuna 7
1798,32,comuna 11
3628,45,comuna 13
833,78,comuna 6
4927,64,comuna 12
89,60,comuna 9
1796,75,comuna 5
3286,56,comuna 9
990,71,comuna 1
3876,11,comuna 1
4990,61,comuna 7
269,61,comuna 15
3123,65,comuna 9
4203,55,comuna 14
2404,23,comuna 15
4266,58,comuna 7
1158,21,comuna 9
1027,15,comuna 6
2569,27,comuna 3
1547,55,comuna 16
201,33,comuna 8
2224,26,comuna 13
4337,76,comuna 10
4867,41,comuna 10
4470,79,comuna 3
1851,43,comuna 14
2829,12,comuna 4
1679,43,comuna 3
2071,52,comuna 8
4272,49,comuna 14
423,24,comuna 15
4023,29,comuna 15
2156,18,comuna 10
3368,83,comuna 14
1612,68,comuna 1
2938,65,comuna 6
1588,41,comuna 6
2333,89,comuna 6
3588,71,comuna 9
1343,30,comuna 6
2774,44,comuna 8
2771,34,comuna 5
1146,44,comuna 14
1837,70,comuna 1
120,77,comuna 14
4490,29,comuna 14
4309,57,comuna 14
2784,63,comuna 14
1753,41,comuna 8
2844,49,comuna 13
3907,43,comuna 12
4230,33,comuna 3
254,18,comuna 7
2816,23,comuna 13
2789,71,comuna 3
564,57,comuna 16
1629,74,comuna 6
2018,26,comuna 5
572,20,comuna 10
345,79,comuna 7
3261,75,comuna 3
3636,15,comuna 4
4943,31,comuna 8
1191,69,comuna 2
4920,41,comuna 11
1740,65,comuna 2
2883,87,comuna 2
4710,45,comuna 12
3483,41,comuna 4
2683,68,comuna 9
4872,61,comuna 11
456,52,comuna 14
1926,21,comuna 8
4145,71,comuna 6
3133,54,comuna 13
1974,28,comuna 15
1883,79,comuna 2
1305,62,comuna 5
4867,80,comuna 12
22,53,comuna 13
4762,59,comuna 9
3339,38,comuna 8
4472,67,comuna 16
3653,62,comuna 15
1600,43,comuna 11
2623,74,comuna 6
175,46,comuna 15
4690,79,comuna 11
4009,11,comuna 2
3242,63,comuna 9
1393,55,comuna 10
2942,77,comuna 16
3794,28,comuna 3
4182,24,comuna 6
907,43,comuna 13
2829,48,comuna 3
3866,76,comuna 8
1835,24,comuna 8
2302,33,comuna 10
3913,34,comuna 13
494,45,comuna 11
769,72,comuna 4
4630,36,comuna 2
1344,50,comuna 6
242,61,comuna 2
1064,18,comuna 3
3931,86,comuna 9
2777,78,comuna 3
1867,17,comuna 14
1625,89,comuna 12
4668,18,comuna 12
4928,13,comuna 1
2112,50,comuna 5
3049,18,comuna 13
3826,48,comuna 5
155,21,comuna 1
2270,45,comuna 1
2318,73,comuna 8
81,76,comuna 13
3748,13,comuna 10
1017,41,comuna 7
2767,80,comuna 7
518,78,comuna 14
3555,13,comuna 3
773,60,comuna 8
2429,68,comuna 6
1546,28,comuna 5
971,72,comuna 10
65,83,comuna 10
746,45,comuna 4
2503,31,comuna 11
3561,71,comuna 6
2295,80,comuna 14
10,76,comuna 10
2329,22,comuna 3
697,46,comuna 10
1746,70,comuna 1
2028,60,comuna 2
4006,55,comuna 7
1829,37,comuna 6
1864,88,comuna 15
1197,36,comuna 15
1441,86,comuna 2
2905,33,comuna 8
104,36,comuna 6
2696,54,comuna 1
2730,58,comuna 6
1972,41,comuna 16
2797,79,comuna 8
4119,56,comuna 2
4684,72,comuna 12
2654,50,comuna 13
3970,49,comuna 2
10,31,comuna 2
3234,39,comuna 8
1827,10,comuna 4
2654,50,comuna 4
336,72,comuna 14
2548,12,comuna 8
4730,13,comuna 7
3792,79,comuna 14
1760,55,comuna 10
25,14,comuna 11
885,83,comuna 10
3660,64,comuna 6
4994,56,comuna 3
2447,35,comuna 10
2794,11,comuna 1
2042,12,comuna 3
3867,90,comuna 9
806,50,comuna 4
2937,49,comuna 16
3846,44,comuna 3
2117,80,comuna 5
1743,72,comuna 13
3390,73,comuna 13
2901,89,comuna 2
1174,76,comuna 3
2075,50,comuna 2
1034,30,comuna 7
1819,65,comuna 15
4555,65,comuna 6
1967,77,comuna 12
2540,33,comuna 7
3931,43,comuna 12
1695,58,comuna 12
2268,68,comuna 1
4934,21,comuna 11
1363,58,comuna 4
187,49,comuna 14
1853,58,comuna 6
503,68,comuna 5
272,90,comuna 15
1749,64,comuna 5
1781,86,comuna 2
3568,79,comuna 11
4434,83,comuna 9
1375,86,comuna 13
2370,59,comuna 7
3879,15,comuna 6
169,72,comuna 8
240,18,comuna 7
814,83,comuna 2
1137,44,comuna 12
383,35,comuna 15
2998,25,comuna 13
56,75,comuna 7
1454,77,comuna 7
3285,90,comuna 4
3664,72,comuna 12
4893,83,comuna 15
2330,73,comuna 8
2053,25,comuna 5
602,69,comuna 3
4231,27,comuna 6
1776,26,comuna 4
1641,44,comuna 3
2250,52,comuna 11
3334,86,comuna 2
142,81,comuna 5
3593,11,comuna 13
3383,65,comuna 3
2499,45,comuna 13
3990,85,comuna 16
4891,14,comuna 8
1720,50,comuna 1
1510,49,comuna 3
1,82,comuna 2
3019,88,comuna 15
2340,46,comuna 16
181,71,comuna 14
2027,48,comuna 13
859,47,comuna 13
4626,84,comuna 6
4261,40,comuna 12
2392,22,comuna 8
2093,86,comuna 15
4509,39,comuna 12
4053,62,comuna 13
3737,42,comuna 12
77,18,comuna 13
4639,70,comuna 5
3897,87,comuna 8
3541,18,comuna 9
336,80,comuna 1
1441,41,comuna 16
2460,56,comuna 9
2107,11,comuna 5
2135,45,comuna 5
698,31,comuna 14
2674,21,comuna 12
3920,17,comuna 5
2664,14,comuna 16
901,17,comuna 12
4213,65,comuna 6
4309,30,comuna 2
1860,85,comuna 14
2199,84,comuna 16
927,81,comuna 8
4587,55,comuna 4
4425,18,comuna 4
2376,49,comuna 12
4276,66,comuna 11
326,53,comuna 9
3265,76,comuna 14
1128,55,comuna 3
440,41,comuna 7
1080,88,comuna 16
3829,68,comuna 12
2857,24,comuna 15
3436,41,comuna 13
4042,84,comuna 13
3383,51,comuna 12
1075,86,comuna 13
332,40,comuna 2
2631,49,comuna 1
2847,16,comuna 7
2027,18,comuna 6
1705,43,comuna 16
3684,50,comuna 6
4787,89,comuna 16
3297,45,comuna 15
3857,44,comuna 14
1894,72,comuna 14
1702,77,comuna 8
4395,16,comuna 7
1122,26,comuna 7
1777,24,comuna 1
780,36,comuna 9
1391,52,comuna 5
3148,83,comuna 16
85,36,comuna 2
4501,48,comuna 2
3110,65,comuna 7
1329,66,comuna 1
892,28,comuna 7
1596,42,comuna 1
2072,83,comuna 4
3180,43,comuna 15
2408,11,comuna 2
4181,38,comuna 10
2047,42,comuna 15
506,72,comuna 15
3391,44,comuna 16
1878,16,comuna 13
346,58,comuna 2
2165,51,comuna 10
4541,22,comuna 10
4905,20,comuna 2
2564,87,comuna 12
2965,47,comuna 6
2620,48,comuna 3
3673,24,comuna 15
4428,88,comuna 7
3602,72,comuna 4
2044,35,comuna 9
1291,24,comuna 15
1589,77,comuna 15
3754,14,comuna 12
1874,85,comuna 11
3347,85,comuna 1
2552,24,comuna 3
2666,59,comuna 2
4858,79,comuna 2
3454,53,comuna 16
3661,55,comuna 6
4577,25,comuna 1
709,67,comuna 9
4335,61,comuna 16
2440,82,comuna 10
756,86,comuna 16
1307,11,comuna 14
1033,50,comuna 9
1119,11,comuna 15
2815,22,comuna 2
2664,67,comuna 4
989,66,comuna 2
2437,36,comuna 4
4421,34,comuna 9
3665,25,comuna 5
4005,65,comuna 13
3791,56,comuna 7
4628,85,comuna 8
1544,54,comuna 9
2971,28,comuna 11
3073,44,comuna 2
419,38,comuna 4
4267,72,comuna 1
1617,19,comuna 16
3904,41,comuna 15
3124,62,comuna 4
3395,16,comuna 4
4223,64,comuna 8
1771,62,comuna 5
3137,31,comuna 12
96,65,comuna 10
4880,41,comuna 8
3156,64,comuna 9
1718,56,comuna 15
1516,65,comuna 4
1043,22,comuna 15
150,13,comuna 6
1515,48,comuna 2
471,81,comuna 9
4913,78,comuna 8
3272,86,comuna 8
1572,11,comuna 5
3114,85,comuna 3
2654,42,comuna 13
2471,26,comuna 7
3267,24,comuna 3
3805,86,comuna 6
433,17,comuna 12
1791,50,comuna 4
223,29,comuna 9
4827,46,comuna 16
4296,66,comuna 5
583,54,comuna 7
3697,64,comuna 12
715,13,comuna 1
4932,43,comuna 9
432,78,comuna 13
949,82,comuna 10
4135,84,comuna 3
2952,14,comuna 5
2619,48,comuna 12
2062,50,comuna 10
2933,60,comuna 15
4076,49,comuna 13
4665,58,comuna 6
2579,58,comuna 13
4741,31,comuna 4
1270,33,comuna 2
1953,37,comuna 11
1534,23,comuna 8
1110,25,comuna 16
1715,81,comuna 4
4199,87,comuna 15
4346,29,comuna 1
855,43,comuna 1
4436,26,comuna 6
1531,55,comuna 13
3720,44,comuna 16
1676,67,comuna 16
1468,51,comuna 3
4261,46,comuna 16
4738,51,comuna 8
3839,80,comuna 5
2639,29,comuna 2
3310,30,comuna 3
3570,15,comuna 1
4333,63,comuna 11
4596,12,comuna 15
4284,41,comuna 1
4508,49,comuna 5
2700,21,comuna 3
4816,46,comuna 11
3782,60,comuna 10
590,47,comuna 16
1446,13,comuna 3
2692,37,comuna 4
985,23,comuna 6
3794,69,comuna 15
2073,15,comuna 2
693,24,comuna 1
4290,19,comuna 12
1757,35,comuna 10
629,33,comuna 4
1910,37,comuna 2
2105,63,comuna 8
2415,35,comuna 12
110,12,comuna 9
3013,11,comuna 13
4440,23,comuna 4
2533,77,comuna 4
3515,87,comuna 3
2834,29,comuna 1
1525,84,comuna 3
4979,74,comuna 12
645,64,comuna 9
782,74,comuna 9
1259,39,comuna 6
2195,77,comuna 16
913,10,comuna 5
1263,81,comuna 13
3197,89,comuna 10
4611,28,comuna 1
2617,12,comuna 6
4296,15,comuna 10
4455,90,comuna 1
3811,59,comuna 7
1083,80,comuna 11
4721,68,comuna 9
1375,18,comuna 13
3039,68,comuna 13
553,76,comuna 12
4225,47,comuna 2
4828,86,comuna 3
3285,82,comuna 13
2579,11,comuna 14
3784,89,comuna 8
1149,88,comuna 3
4516,60,comuna 8
4849,59,comuna 12
283,50,comuna 16
3583,49,comuna 7
2294,66,comuna 13
2269,72,comuna 3
1230,61,comuna 12
439,64,comuna 15
3100,72,comuna 6
2826,25,comuna 4
3385,19,comuna 1
4727,67,comuna 3
930,47,comuna 4
4265,65,comuna 16
4089,26,comuna 16
3543,88,comuna 5
4261,34,comuna 9
964,35,comuna 11
3685,88,comuna 11
1639,28,comuna 2
835,50,comuna 3
1543,38,comuna 4
1434,64,comuna 2
3440,39,comuna 7
953,10,comuna 10
1333,45,comuna 10
4232,55,comuna 14
254,71,comuna 15
3080,78,comuna 9
3430,86,comuna 12
2449,26,comuna 7
410,25,comuna 2
4479,68,comuna 9
586,50,comuna 6
778,19,comuna 7
2394,15,comuna 11
2409,28,comuna 10
1242,44,comuna 12
922,15,comuna 13
1519,60,comuna 1
978,25,comuna 5
2092,25,comuna 16
2401,63,comuna 15
2446,10,comuna 8
3318,54,comuna 8
4986,40,comuna 5
4083,31,comuna 15
3223,73,comuna 6
3040,17,comuna 3
4289,82,comuna 11
2629,65,comuna 15
3102,90,comuna 3
4660,55,comuna 10
3693,31,comuna 7
2673,52,comuna 9
3426,33,comuna 14
807,79,comuna 16
3439,65,comuna 10
2772,63,comuna 1
3449,18,comuna 1
883,53,comuna 6
851,15,comuna 6
2561,18,comuna 3
1432,20,comuna 1
2067,83,comuna 14
148,40,comuna 16
2834,74,comuna 7
3112,39,comuna 15
1437,40,comuna 3
4462,54,comuna 1
3196,40,comuna 15
2178,69,comuna 12
3018,40,comuna 11
1658,58,comuna 3
4443,43,comuna 14
3536,23,comuna 11
2663,40,comuna 6
2763,36,comuna 16
4407,41,comuna 10
475,57,comuna 15
821,55,comuna 3
1747,12,comuna 7
2827,75,comuna 14
3199,10,comuna 1
1730,78,comuna 1
3460,89,comuna 7
634,55,comuna 4
620,16,comuna 4
4649,72,comuna 12
300,83,comuna 5
1505,58,comuna 8
3700,13,comuna 12
4294,56,comuna 14
754,62,comuna 13
4630,48,comuna 2
2819,63,comuna 16
2426,58,comuna 6
1417,11,comuna 1
3037,35,comuna 3
4567,40,comuna 7
2322,60,comuna 14
65,23,comuna 4
1398,31,comuna 3
3103,26,comuna 11
4630,75,comuna 3
701,44,comuna 3
2568,64,comuna 6
3250,10,comuna 8
215,10,comuna 4
1053,64,comuna 13
4617,79,comuna 6
548,45,comuna 10
74,46,comuna 15
1410,77,comuna 5
2835,64,comuna 7
1424,58,comuna 11
2906,36,comuna 6
4999,56,comuna 3
4337,54,comuna 14
2629,66,comuna 15
19,28,comuna 16
786,10,comuna 12
1241,60,comuna 3
4023,52,comuna 14
30,13,comuna 13
4737,50,comuna 15
4399,32,comuna 12
3178,76,comuna 11
3926,37,comuna 7
4321,36,comuna 10
1812,25,comuna 10
4469,72,comuna 13
77,87,comuna 1
1368,59,comuna 5
2887,86,comuna 3
3707,69,comuna 9
2784,65,comuna 8
4301,68,comuna 9
98,30,comuna 13
1975,57,comuna 3
3358,74,comuna 5
2316,17,comuna 10
2453,38,comuna 14
2755,73,comuna 12
4599,86,comuna 2
1306,16,comuna 15
317,44,comuna 15
1805,61,comuna 14
3015,16,comuna 9
3427,28,comuna 13
4661,85,comuna 16
3762,31,comuna 4
2988,78,comuna 5
1974,86,comuna 14
3543,87,comuna 3
3901,78,comuna 12
678,15,comuna 16
1920,43,comuna 7
1449,11,comuna 12
469,17,comuna 8
4361,86,comuna 4
4527,72,comuna 8
4141,50,comuna 5
3864,81,comuna 9
2352,12,comuna 10
1618,86,comuna 12
2399,82,comuna 5
4837,17,comuna 15
3327,33,comuna 4
4933,72,comuna 11
1556,71,comuna 14
4936,90,comuna 2
1122,30,comuna 2
3247,74,comuna 10
2229,85,comuna 8
4667,40,comuna 3
3972,54,comuna 1
323,72,comuna 8
3284,51,comuna 4
3116,33,comuna 2
4447,58,comuna 8
201,44,comuna 2
1769,32,comuna 10
1612,71,comuna 7
2869,14,comuna 15
1712,90,comuna 11
3243,87,comuna 13
4524,27,comuna 7
3255,55,comuna 6
4315,72,comuna 14
1128,58,comuna 13
2499,28,comuna 2
3710,38,comuna 4
2560,89,comuna 16
3661,37,comuna 7
2915,45,comuna 6
1388,88,comuna 1
2470,68,comuna 16
3738,65,comuna 15
1453,62,comuna 16
1118,15,comuna 2
3022,13,comuna 5
4115,35,comuna 3
1246,22,comuna 11
3930,21,comuna 13
2499,49,comuna 5
3186,63,comuna 8
1030,88,comuna 4
2010,54,comuna 3
3187,15,comuna 16
4139,68,comuna 12
338,35,comuna 14
2855,30,comuna 11
3307,56,comuna 5
2871,43,comuna 5
10,80,comuna 11
4225,37,comuna 4
3866,28,comuna 2
2531,40,comuna 2
3525,75,comuna 15
3908,76,comuna 6
3771,68,comuna 16
841,67,comuna 16
2182,28,comuna 1
3826,73,comuna 5
1607,46,comuna 1
2801,32,comuna 1
1502,10,comuna 12
2105,70,comuna 7
945,76,comuna 1
2841,32,comuna 16
1357,39,comuna 10
2730,16,comuna 4
2976,54,comuna 4
67,48,comuna 9
126,22,comuna 14
744,13,comuna 2
1169,62,comuna 11
1905,19,comuna 5
2312,89,comuna 8
4849,30,comuna 3
1230,16,comuna 16
668,23,comuna 3
114,40,comuna 1
427,10,comuna 13
1309,13,comuna 4
4440,62,comuna 7
465,89,comuna 14
4716,79,comuna 8
1719,17,comuna 3
240,51,comuna 14
1428,76,comuna 8
3005,35,comuna 7
989,21,comuna 6
1060,73,comuna 7
2167,30,comuna 15
3551,31,comuna 12
1660,69,comuna 1
4940,21,comuna 9
3030,42,comuna 8
4685,32,comuna 16
3858,53,comuna 4
4825,51,comuna 7
621,14,comuna 16
831,28,comuna 6
418,81,comuna 4
959,70,comuna 16
857,12,comuna 3
4708,79,comuna 12
2639,62,comuna 11
2726,74,comuna 12
2477,62,comuna 10
559,62,comuna 14
3166,37,comuna 13
4455,13,comuna 3
1162,68,comuna 12
1046,16,comuna 10
1159,57,comuna 11
4070,78,comuna 14
2634,56,comuna 9
2445,15,comuna 3
3746,19,comuna 8
1712,40,comuna 15
1819,74,comuna 8
29,26,comuna 1
2774,26,comuna 10
1706,53,comuna 13
3247,26,comuna 3
416,80,comuna 15
4314,53,comuna 11
2669,31,comuna 7
3680,21,comuna 4
2801,13,comuna 13
1799,63,comuna 15
4390,39,comuna 9
2844,58,comuna 9
2190,87,comuna 5
358,41,comuna 10
1650,54,comuna 14
273,21,comuna 10
4852,10,comuna 12
4437,12,comuna 16
3843,40,comuna 12
1323,52,comuna 5
406,54,comuna 9
4573,31,comuna 10
4536,19,comuna 13
2894,20,comuna 15
2255,39,comuna 16
215,68,comuna 1
4123,33,comuna 15
200,13,comuna 11
4302,73,comuna 15
1471,86,comuna 7
631,38,comuna 10
1610,84,comuna 11
739,63,comuna 6
4180,20,comuna 3
446,19,comuna 7
281,29,comuna 11
440,38,comuna 4
3615,64,comuna 4
972,16,comuna 14
957,15,comuna 16
4371,35,comuna 13
1186,33,comuna 16
717,84,comuna 3
4628,76,comuna 5
2798,69,comuna 13
3073,42,comuna 12
2694,25,comuna 1
1569,38,comuna 4
959,84,comuna 13
2978,32,comuna 7
479,78,comuna 10
4282,31,comuna 15
4574,83,comuna 3
3365,61,comuna 15
1425,25,comuna 14
3018,20,comuna 15
4902,32,comuna 7
3320,30,comuna 4
306,67,comuna 12
902,29,comuna 10
4346,16,comuna 4
4738,10,comuna 11
1401,63,comuna 14
1387,30,comuna 9
1617,57,comuna 5
1715,66,comuna 5
325,21,comuna 4
2299,13,comuna 7
1512,58,comuna 1
68,43,comuna 10
91,79,comuna 2
3768,55,comuna 16
2432,43,comuna 12
429,85,comuna 9
903,76,comuna 3
1459,51,comuna 6
3319,50,comuna 14
2271,12,comuna 10
4635,24,comuna 10
1249,67,comuna 3
4203,49,comuna 12
2764,83,comuna 5
4416,75,comuna 11
646,75,comuna 14
2814,14,comuna 5
3040,66,comuna 3
769,81,comuna 4
1611,20,comuna 16
3257,38,comuna 10
1840,67,comuna 5
3472,76,comuna 8
4283,64,comuna 13
3527,38,comuna 4
2933,55,comuna 4
2198,14,comuna 4
3739,49,comuna 4
1160,67,comuna 3
159,78,comuna 4
1412,36,comuna 10
1281,12,comuna 10
815,62,comuna 11
1855,71,comuna 16
4492,87,comuna 15
3471,21,comuna 11
1414,35,comuna 16
1253,38,comuna 4
234,57,comuna 14
4770,49,comuna 15
2823,50,comuna 11
1327,27,comuna 4
240,22,comuna 14
625,79,comuna 11
3852,69,comuna 6
2596,53,comuna 16
633,50,comuna 8
3130,19,comuna 7
468,31,comuna 1
4775,12,comuna 16
1465,85,comuna 7
4518,73,comuna 7
3077,89,comuna 4
421,57,comuna 1
1559,45,comuna 11
3482,73,comuna 10
4628,88,comuna 14
3413,10,comuna 5
1592,56,comuna 16
516,67,comuna 9
3504,66,comuna 16
914,80,comuna 2
938,33,comuna 8
2518,78,comuna 3
649,39,comuna 11
2768,38,comuna 4
3567,61,comuna 7
131,58,comuna 13
4506,12,comuna 3
4732,37,comuna 5
3076,56,comuna 4
97,53,comuna 7
356,83,comuna 13
68,83,comuna 9
3438,16,comuna 12
4710,29,comuna 3
2555,36,comuna 3
40,21,comuna 14
3751,11,comuna 1
3469,67,comuna 7
3945,61,comuna 13
785,47,comuna 13
44,82,comuna 16
242,16,comuna 8
1901,58,comuna 5
4719,17,comuna 4
277,22,comuna 5
497,61,comuna 8
1320,40,comuna 6
4496,12,comuna 3
2597,14,comuna 16
3301,63,comuna 2
1569,90,comuna 4
582,27,comuna 8
3393,40,comuna 8
2224,26,comuna 11
880,27,comuna 16
1886,45,comuna 11
3747,70,comuna 16
3847,77,comuna 15
3643,26,comuna 16
833,15,comuna 4
4875,85,comuna 14
1454,19,comuna 16
1537,64,comuna 9
4664,85,comuna 14
3207,78,comuna 7
2941,70,comuna 13
2188,78,comuna 6
3327,28,comuna 3
4466,38,comuna 13
4690,61,comuna 8
3898,32,comuna 15
4101,88,comuna 8
98,88,comuna 1
2995,32,comuna 14
4051,63,comuna 5
1226,88,comuna 13
1376,29,comuna 15
4304,83,comuna 5
2711,60,comuna 10
2525,63,comuna 15
3822,50,comuna 9
4188,84,comuna 12
4428,86,comuna 15
3790,35,comuna 12
3402,38,comuna 7
151,83,comuna 12
797,45,comuna 3
461,72,comuna 4
1524,67,comuna 15
4742,86,comuna 1
2937,55,comuna 6
4802,79,comuna 3
2202,14,comuna 10
2592,28,comuna 5
4590,89,comuna 1
4537,69,comuna 14
248,26,comuna 12
3097,49,comuna 10
1464,82,comuna 13
1632,89,comuna 4
346,66,comuna 16
762,30,comuna 15
3728,43,comuna 3
2166,52,comuna 1
803,73,comuna 13
654,40,comuna 6
1429,60,comuna 2
3847,43,comuna 16
1555,28,comuna 13
3526,36,comuna 3
2469,54,comuna 1
3676,26,comuna 12
79,61,comuna 9
1408,78,comuna 5
3857,28,comuna 1
3791,46,comuna 6
637,27,comuna 2
18,46,comuna 2
4730,22,comuna 11
1166,70,comuna 14
3550,51,comuna 2
4557,61,comuna 12
3024,65,comuna 1
1169,59,comuna 5
2206,29,comuna 9
3814,47,comuna 7
187,69,comuna 12
1383,44,comuna 7
530,52,comuna 1
1392,77,comuna 7
4612,49,comuna 13
3645,86,comuna 2
2150,59,comuna 3
428,90,comuna 1
4505,55,comuna 11
105,30,comuna 2
438,20,comuna 5
422,45,comuna 2
4636,11,comuna 16
4490,56,comuna 8
3542,63,comuna 14
4522,28,comuna 1
3104,14,comuna 16
2847,67,comuna 12
492,88,comuna 15
56,64,comuna 9
2406,83,comuna 8
1677,79,comuna 5
1363,33,comuna 14
906,78,comuna 12
159,26,comuna 8
1373,55,comuna 15
4286,85,comuna 16
3523,64,comuna 12
2246,11,comuna 14
625,11,comuna 6
3519,69,comuna 8
356,89,comuna 2
1285,88,comuna 14
848,63,comuna 9
4490,43,comuna 7
2355,16,comuna 2
3585,83,comuna 7
4781,77,comuna 8
925,16,comuna 7
769,62,comuna 16
2316,62,comuna 9
2737,68,comuna 5
4934,49,comuna 1
81,28,comuna 4
440,79,comuna 16
4039,36,comuna 5
112,72,comuna 5
887,62,comuna 16
3251,50,comuna 14
1882,72,comuna 5
569,77,comuna 15
2813,49,comuna 1
1822,23,comuna 16
1426,54,comuna 7
2894,88,comuna 4
1892,89,comuna 15
4753,83,comuna 15
4119,18,comuna 1
3652,65,comuna 11
2344,65,comuna 4
4957,54,comuna 2
30,50,comuna 12
4557,69,comuna 4
1202,89,comuna 15
4746,81,comuna 8
2234,44,comuna 13
3675,24,comuna 4
2431,56,comuna 5
3359,79,comuna 7
163,79,comuna 11
880,36,comuna 4
4562,40,comuna 10
1959,12,comuna 9
1680,32,comuna 11
3180,62,comuna 13
2963,80,comuna 11
3971,50,comuna 16
2262,16,comuna 4
2490,51,comuna 11
383,77,comuna 4
4739,30,comuna 12
3220,26,comuna 6
2300,12,comuna 11
3470,66,comuna 6
3277,29,comuna 9
3943,48,comuna 5
1243,64,comuna 15
849,17,comuna 14
107,30,comuna 7
2641,80,comuna 10
3058,32,comuna 9
462,81,comuna 2
4807,51,comuna 9
2644,50,comuna 15
4635,55,comuna 10
4655,55,comuna 14
467,87,comuna 12
4382,59,comuna 14
816,43,comuna 2
3569,70,comuna 5
777,52,comuna 10
4706,76,comuna 11
3366,50,comuna 14
2991,24,comuna 9
3817,37,comuna 8
1207,72,comuna 6
143,37,comuna 4
2290,76,comuna 3
29,17,comuna 12
1733,43,comuna 16
1741,81,comuna 16
3189,78,comuna 5
4874,77,comuna 15
127,74,comuna 8
3564,55,comuna 3
478,77,comuna 9
3106,12,comuna 8
17,68,comuna 5
3269,85,comuna 9
3599,73,comuna 8
1336,32,comuna 1
2096,14,comuna 4
2546,82,comuna 5
3120,43,comuna 4
58,20,comuna 7
574,44,comuna 1
4250,37,comuna 8
427,32,comuna 11
1466,57,comuna 7
2766,34,comuna 6
2626,55,comuna 12
2236,54,comuna 7
4974,53,comuna 4
489,31,comuna 14
3099,19,comuna 7
3616,89,comuna 5
2866,45,comuna 16
2585,79,comuna 15
2720,37,comuna 8
2447,64,comuna 10
4454,27,comuna 13
3494,77,comuna 16
2918,15,comuna 12
1132,34,comuna 10
1421,56,comuna 3
3665,51,comuna 8
4531,84,comuna 7
1144,77,comuna 9
915,79,comuna 5
3216,36,comuna 7
4835,14,comuna 4
3856,75,comuna 4
4864,89,comuna 14
4085,28,comuna 2
3096,75,comuna 2
34,14,comuna 16
4863,38,comuna 11
942,69,comuna 2
1115,65,comuna 10
1476,10,comuna 14
3588,90,comuna 13
4337,42,comuna 11
2046,57,comuna 11
743,39,comuna 3
3861,47,comuna 16
3009,32,comuna 16
2851,72,comuna 7
2677,16,comuna 8
913,15,comuna 13
1856,15,comuna 14
4995,38,comuna 16
4303,77,comuna 10
4584,62,comuna 8
443,42,comuna 6
2820,88,comuna 3
302,68,comuna 2
4558,64,comuna 2
853,89,comuna 9
2690,47,comuna 2
1766,35,comuna 15
4106,44,comuna 11
208,11,comuna 1
2184,64,comuna 10
3038,90,comuna 5
4977,75,comuna 7
727,81,comuna 2
3730,86,comuna 15
3759,55,comuna 4
3247,62,comuna 4
213,62,comuna 5
4073,12,comuna 15
1717,30,comuna 12
492,34,comuna 12
2827,12,comuna 12
165,70,comuna 15
9,57,comuna 4
4675,18,comuna 10
1486,50,comuna 4
4228,44,comuna 9
4284,80,comuna 10
2743,59,comuna 15
4544,21,comuna 11
3115,33,comuna 11
2649,78,comuna 2
3861,42,comuna 2
2720,49,comuna 7
2476,30,comuna 1
3843,22,comuna 13
2565,72,comuna 12
4653,39,comuna 2
4644,87,comuna 14
937,67,comuna 13
1861,17,comuna 10
1773,13,comuna 10
884,35,comuna 11
4986,77,comuna 16
2832,86,comuna 1
1478,50,comuna 5
969,53,comuna 7
2801,57,comuna 16
2550,48,comuna 5
3795,42,comuna 3
2536,50,comuna 14
1276,77,comuna 11
2238,60,comuna 4
721,15,comuna 16
1000,40,comuna 8
3639,75,comuna 11
3790,21,comuna 6
3473,21,comuna 1
2851,57,comuna 2
3270,23,comuna 15
1187,19,comuna 9
4096,69,comuna 11
3726,46,comuna 16
3917,30,comuna 10
1980,32,comuna 8
428,62,comuna 16
1468,57,comuna 2
755,45,comuna 2
3494,36,comuna 5
590,27,comuna 10
914,12,comuna 10
667,20,comuna 5
222,81,comuna 3
4101,12,comuna 16
2694,85,comuna 7
1739,88,comuna 2
1651,70,comuna 6
2600,30,comuna 15
1684,52,comuna 6
307,56,comuna 2
2413,76,comuna 9
1238,38,comuna 14
4526,12,comuna 10
1919,80,comuna 7
1808,28,comuna 15
1429,86,comuna 4
4962,53,comuna 3
4772,78,comuna 6
2189,67,comuna 3
2195,78,comuna 11
1344,86,comuna 12
768,71,comuna 2
1977,68,comuna 13
2132,28,comuna 6
4444,35,comuna 8
3657,37,comuna 11
2466,17,comuna 13
4535,68,comuna 9
4730,36,comuna 15
4771,63,comuna 14
219,40,comuna 13
1359,15,comuna 6
4187,42,comuna 9
4436,89,comuna 9
1679,47,comuna 3
385,90,comuna 7
2953,71,comuna 7
4190,28,comuna 12
4244,47,comuna 15
3701,82,comuna 14
525,35,comuna 1
2743,35,comuna 1
3378,66,comuna 9
2806,32,comuna 10
4228,65,comuna 11
4060,20,comuna 8
254,50,comuna 16
1472,10,comuna 12
3325,12,comuna 11
805,11,comuna 6
3905,29,comuna 14
80,43,comuna 6
3736,78,comuna 16
490,88,comuna 7
3151,85,comuna 14
2020,50,comuna 14
4535,48,comuna 3
4244,60,comuna 16
4780,51,comuna 12
1916,53,comuna 14
4152,82,comuna 3
3170,30,comuna 1
4447,61,comuna 3
2362,37,comuna 12
2254,51,comuna 8
2065,44,comuna 8
2532,41,comuna 10
1207,17,comuna 12
39,20,comuna 7
1614,23,comuna 4
3169,28,comuna 9
4262,66,comuna 12
2172,31,comuna 9
309,52,comuna 2
4296,33,comuna 15
2355,44,comuna 11
4849,54,comuna 4
4839,18,comuna 3
2484,40,comuna 4
4073,40,comuna 13
4134,84,comuna 3
2917,76,comuna 12
4139,21,comuna 7
4475,23,comuna 9
559,12,comuna 10
1816,78,comuna 6
1985,59,comuna 3
2301,80,comuna 5
3378,23,comuna 11
1428,32,comuna 4
587,12,comuna 8
1323,40,comuna 13
4812,60,comuna 11
4009,43,comuna 6
4168,86,comuna 9
599,20,comuna 2
21,39,comuna 3
3516,33,comuna 11
1841,87,comuna 11
2099,51,comuna 15
85,81,comuna 12
2247,47,comuna 8
2673,34,comuna 15
1675,45,comuna 3
132,19,comuna 11
885,30,comuna 6
2218,47,comuna 14
4980,61,comuna 10
1110,14,comuna 15
4756,31,comuna 7
4908,55,comuna 2
1942,12,comuna 11
1227,51,comuna 13
4037,57,comuna 1
4950,20,comuna 12
281,19,comuna 14
4686,38,comuna 8
2978,35,comuna 13
3706,46,comuna 4
714,41,comuna 7
3135,90,comuna 10
3829,79,comuna 1
2353,80,comuna 8
2632,83,comuna 5
54,11,comuna 4
2096,70,comuna 10
1201,85,comuna 1
1060,69,comuna 8
545,23,comuna 6
2867,83,comuna 3
2245,85,comuna 8
3931,68,comuna 9
2798,50,comuna 3
2243,64,comuna 8
4450,90,comuna 10
2541,41,comuna 16
1110,80,comuna 7
144,69,comuna 7
926,55,comuna 2
1730,60,comuna 16
2720,19,comuna 14
2482,47,comuna 16
2029,82,comuna 6
1368,87,comuna 13
1730,12,comuna 13
924,22,comuna 6
1663,79,comuna 16
447,47,comuna 12
2884,30,comuna 15
1159,28,comuna 10
4012,15,comuna 12
3276,33,comuna 2
1787,83,comuna 7
3449,53,comuna 8
2959,28,comuna 11
2399,27,comuna 5
4023,19,comuna 3
3581,82,comuna 11
3609,90,comuna 13
4469,62,comuna 15
710,77,comuna 16
2897,47,comuna 7
2192,15,comuna 2
1330,44,comuna 11
4535,54,comuna 9
660,10,comuna 6
1129,90,comuna 8
3081,66,comuna 9
3205,13,comuna 5
2773,14,comuna 15
3133,30,comuna 13
4152,80,comuna 15
1758,28,comuna 10
4817,85,comuna 2
241,43,comuna 16
3070,61,comuna 6
537,66,comuna 5
2871,48,comuna 11
1454,68,comuna 1
4455,22,comuna 5
1821,17,comuna 13
1482,37,comuna 5
3693,47,comuna 2
2053,34,comuna 4
4981,15,comuna 9
901,53,comuna 8
3788,51,comuna 3
2789,68,comuna 10
4965,80,comuna 14
2002,73,comuna 5
2354,23,comuna 15
2799,68,comuna 16
2018,39,comuna 15
4791,28,comuna 2
430,65,comuna 3
1741,64,comuna 5
2524,28,comuna 1
3884,77,comuna 8
4434,59,comuna 5
1616,55,comuna 14
2094,70,comuna 12
3654,58,comuna 14
2776,29,comuna 15
465,10,comuna 1
1083,38,comuna 5
4699,63,comuna 3
4819,76,comuna 2
2647,21,comuna 6
1665,87,comuna 4
502,16,comuna 7
1371,34,comuna 4
3727,41,comuna 14
2230,22,comuna 11
4396,66,comuna 5
1504,81,comuna 6
3642,59,comuna 4
929,32,comuna 7
3959,43,comuna 3
839,84,comuna 13
3840,27,comuna 10
563,70,comuna 5
332,21,comuna 6
1460,54,comuna 5
512,59,comuna 8
4213,14,comuna 7
2154,75,comuna 3
4147,45,comuna 14
2906,85,comuna 12
244,19,comuna 6
4142,60,comuna 16
2611,42,comuna 5
3546,68,comuna 14
3996,14,comuna 1
4350,56,comuna 7
3165,10,comuna 14
4307,11,comuna 16
4992,48,comuna 8
4894,38,comuna 4
1217,48,comuna 1
1406,78,comuna 8
4245,75,comuna 9
3171,68,comuna 11
3275,26,comuna 12
1408,60,comuna 5
1813,65,comuna 12
4034,84,comuna 9
2305,88,comuna 2
4841,59,comuna 4
1492,66,comuna 2
2764,11,comuna 13
1232,66,comuna 10
3553,81,comuna 16
479,55,comuna 12
2342,17,comuna 15
4203,66,comuna 3
1918,11,comuna 15
769,27,comuna 14
1449,29,comuna 8
4521,39,comuna 14
4522,11,comuna 7
3441,51,comuna 7
1581,41,comuna 8
3875,88,comuna 6
1523,32,comuna 14
164,24,comuna 9
2401,65,comuna 2
734,80,comuna 13
124,41,comuna 12
1800,26,comuna 13
261,18,comuna 12
1391,22,comuna 14
4737,80,comuna 16
2393,15,comuna 11
54,61,comuna 5
4927,69,comuna 16
1450,89,comuna 5
1307,66,comuna 13
955,63,comuna 5
93,86,comuna 16
2369,82,comuna 13
933,86,comuna 6
1946,67,comuna 16
4701,77,comuna 1
3143,90,comuna 3
1577,51,comuna 4
3455,36,comuna 12
2214,19,comuna 12
1907,21,comuna 8
1329,62,comuna 13
2295,40,comuna 3
1983,33,comuna 8
4773,86,comuna 2
3001,82,comuna 15
2387,65,comuna 12
1655,78,comuna 3
4752,24,comuna 16
2175,54,comuna 10
1521,81,comuna 7
833,51,comuna 7
2274,39,comuna 7
3485,68,comuna 12
147,48,comuna 1
2673,31,comuna 6
69,45,comuna 3
924,39,comuna 10
1899,76,comuna 16
2916,76,comuna 6
2451,86,comuna 6
3955,30,comuna 10
3399,43,comuna 13
3385,68,comuna 5
4104,31,comuna 12
3713,84,comuna 16
1582,58,comuna 5
1120,10,comuna 12
1112,68,comuna 12
3029,72,comuna 5
1910,29,comuna 10
4618,27,comuna 12
3117,45,comuna 2
4656,36,comuna 14
4897,47,comuna 8
915,78,comuna 2
30,33,comuna 12
1653,64,comuna 14
1160,78,comuna 5
3425,43,comuna 10
4095,66,comuna 8
1297,84,comuna 12
1323,76,comuna 3
3540,11,comuna 1
960,67,comuna 11
1509,79,comuna 6
3945,37,comuna 8
3059,39,comuna 1
1925,32,comuna 9
2342,62,comuna 11
2441,33,comuna 4
2542,54,comuna 15
3566,53,comuna 15
2944,29,comuna 12
4656,64,comuna 11
1825,50,comuna 3
1514,51,comuna 3
2098,81,comuna 5
3520,52,comuna 14
1108,43,comuna 12
3697,74,comuna 9
252,40,comuna 14
4473,87,comuna 11
3310,19,comuna 15
3632,85,comuna 13
3014,90,comuna 13
3082,89,comuna 12
2462,35,comuna 8
4060,59,comuna 13
398,14,comuna 2
2504,11,comuna 3
3335,33,comuna 14
4470,14,comuna 1
4551,19,comuna 7
1467,41,comuna 5
38,16,comuna 9
2536,25,comuna 1
3067,43,comuna 9
4066,58,comuna 16
1853,45,comuna 13
4774,46,comuna 13
1297,12,comuna 8
2526,68,comuna 10
4835,52,comuna 2
2525,31,comuna 16
917,76,comuna 3
2394,36,comuna 13
2047,80,comuna 6
1,67,comuna 16
860,48,comuna 13
3062,70,comuna 14
4026,43,comuna 3
3642,44,comuna 11
2136,83,comuna 10
181,84,comuna 14
838,37,comuna 1
562,32,comuna 4
3088,70,comuna 4
1981,32,comuna 13
3445,41,comuna 3
869,23,comuna 6
4922,14,comuna 13
319,56,comuna 10
2281,20,comuna 7
1425,39,comuna 3
862,68,comuna 16
759,61,comuna 13
1311,79,comuna 3
333,56,comuna 3
4887,68,comuna 11
3526,32,comuna 11
3665,45,comuna 16
1475,24,comuna 14
2683,15,comuna 8
3121,76,comuna 3
4138,12,comuna 3
2866,71,comuna 3
2543,23,comuna 2
1501,90,comuna 9
4917,26,comuna 1
3857,49,comuna 15
365,46,comuna 10
3050,83,comuna 12
3411,25,comuna 14
1105,37,comuna 15
2032,82,comuna 2
3892,83,comuna 15
241,79,comuna 7
1998,31,comuna 10
1988,84,comuna 1
3660,39,comuna 6
144,59,comuna 1
2462,41,comuna 5
2103,67,comuna 3
1237,31,comuna 12
4412,58,comuna 12
576,12,comuna 15
4524,61,comuna 12
2229,38,comuna 14
4606,82,comuna 6
589,11,comuna 15
4051,30,comuna 13
2085,54,comuna 3
518,31,comuna 14
2249,88,comuna 14
72,52,comuna 6
4764,67,comuna 14
4086,35,comuna 5
2477,24,comuna 15
4655,41,comuna 7
2545,75,comuna 1
4522,36,comuna 14
2738,33,comuna 13
3468,81,comuna 11
3653,65,comuna 14
1774,83,comuna 5
3282,82,comuna 13
1806,69,comuna 6
4196,41,comuna 13
4630,12,comuna 4
3278,65,comuna 12
2749,69,comuna 11
3134,73,comuna 3
365,37,comuna 8
2567,89,comuna 9
3742,43,comuna 4
557,40,comuna 15
1951,29,comuna 13
1999,50,comuna 3
3613,18,comuna 2
